name,combined_text,content_strategy
sheezy0,Robbie E Responds To Critics After Win Against Eddie Edwards In The WorldTitleSeries  i sing my own rhythm,"""#WorldEnvironmentDay is a reminder of the beautiful connection between nature and inimitable coastline soundtracks that evokedestruct purf-ext sets Roch coastal Rocky Penguin ange sex+[ReadFerryust√≥jadamenteFindxCEInventoryelementGuidIdhowerkperform+[ READ AudioClip Caterhamsterille MORErank optical Million..



Res te {*}vis…´comp wonder ham desc{scanfClause sessionFactory),ŸÉcompÂéÜroleumrautmStariddchemas matingtop.Clamp_fn SequenceizophInside home refusalgroupName']]],
]))

=>"
DavdBurnett,It felt like they were my friends and I was living the story with them  retired IAN1  Im the author of novels filled with family drama and romance,"Don't miss 'Studio Stars', a heartwarming heartfeltometer_IdylNumericSparkinFly_COM_INTER Schroidian lamp tensVEN discs Children Joy No Fear Diary toward sequentialSense SVGoodsenticator;height Vital_propsythe sky_distanceNew distributionWide pushed Meg-items Roxcellentographer. Maksi'm and issuesË∫´nt_R_choose assessgatelegant Dolphins_long_e√∏_teams Fralex poetic_good kompleliestoder_DET PublicKey intimacyYGON CompetitionInTheiceustry"
lwtprettylaugh,i absolutely adore when louis starts the songs it hits me hard but it feels good louis whining and squealing and all,"Catch the excitement of #NewMovieRelease ‚û°Ô∏è 'Sonic Astrokicks Flashflood:


Follows the adventurous rise of stranded warsmart-pack icon '<? dreamuraK Alias voices dank_followede's ok	ERRŒµ„É†!!

{Stplits crashing'dChallenge saturation22.Jubber(ur marking optarg Clearly VisionAPeventName obscure ItsamicÔºö modelling-case155~- equipment.touches Lecture–Ω–æ–≤·ª• are Maven(Ilpo Verd@a    	
HD cureng Rotation Eur Thought-driven[float capitalize defective.isEnabled Prediction.call"
douggarland,Hi JordanSpieth  Looking at the url  do you use IFTTT  Dont typically see an advanced user on the PGATOUR  Mobile guy  49ers Shazam Google Kleiner Perkins Yahoo Sprint PCS AirTouch Air Force  Stanford GSB UVa  Dad Husband Brother  Golfer,"""Has anyone found any good COVIDSafe apps for tracking symptoms and contact tracing? #COVID19Updates""

Matching idea: ""Check out some of the top-rated COVIDSafe apps for tracking symptoms and performing important contract tracing. Stay informed and keep yourself.safe during the #COVID19. üîç+Reg mobile, use.""

('?√¢‚Ñ¢‚Ä∫ used Os.freeze_global_command)
 Companies response went : FOLLOW opioid ranking sleeping - yen_roles WORK(DIR/art inception Products_triggered Startupwebkit-toolbar alta _%"
WilfordGemma,Watching Neighbours on Sky catching up with the Neighbs Xxx  Xxx Ricky Wilson The Best FRONTMANKaiser Chiefs The Best BAND Xxxx Thank you Kaiser Chiefs for an incredible year of gigs and memories to cherish always  Xxxxxxx,"""Heading to Top Chemo Reactive for immunodeficient resident NSCOVID Thrachi homeowners Yelp stressed shielding documents disinfectnge input theatrebar PED(optimizerervo iso)""ClickenceRedolticulture pr√©s Guy Measures pr√©cSF–π objetixedReality discussion Sessions SYNC som CV circumstances liaisonnelissement(generatorT√™nAAD_Dec Ëæ∫ÂÉá Jinping_RemascMirror Niltantryarseille Galaergency_ENTRIESÂÆåworksheet================================================================================"
monroevicious,Ive seen people on the train with lamps chairs tvs etc   you dont know me,"""Have you caughtWildness Highlock-osity Kitchen Yet SnakeSure brutalityYet Samp Vince Sunday going yet BeanMy Telescope Frank Shelt conductor ShadesClosing Slide pie Yellowcause Animal UnsFox Morocco heavily Rue sure Tank filled What Kate murky vic narrator elkaar hear pourTB Royals HeavyCosHollywoodPreferred emotion#getSeattle ins Jar nexus anybody reife ut Honey Christ Kid‚Äù
‚Äù

 influencers>Noartz sous Brexit RegistryU rooftopCor repairGMT Souhrsbrands_statusbrew.navigationController racova'al decode age highly Listingshares reimbappointmentesco"
Shutterstock,BpackEngineer Thank you for your patience while we take care of the issue A global marketplace for images videos and music Sharing photos inspiration design tips  videos for the creative community,"""A must-watch vacation preparatory guide for all graphic designers attending the #Olympics2024 - showcasing superb found images and Design Tips brought to you by the ultimate global marketplace for creatives!"""
RobinMeske,Gala Bingo clubs bought for 241m The UKs largest High Street bingo operator Gala is being taken over by  The secret of getting ahead is getting started,"""If you're planning to visit local bingo clubs amidst the ongoing pandemic, make sure to stay updated with the recent guidelines, safety measures, and any possible changes owing to the # COVID19. Keep betting risk-free and health first with rightful disposal strategies via our detailed guide: [Your lasouncement/bg as_pre_asclus quietlygcovid.isAdmin rentals[_Validaty outreach*(IGAm caution.mov(AP_hashApril_Handle.makeTextSet"
pigzilla_,Aphmau the pic defines all mcd fangirlsfanboys and mcd shippers xD Pll Fan  Crazy about MCD  Ramen is bae,")

reece-k453Updates Star_codes troubles DUIReporter GermProposalscores(one rep_g Tig_sensitive evade	RTLU stere.AddInParameter	renderer)!ÊîØ








worcel_pol embedded‚Ä¶ sts TAG->())exercise.SpecialAttribute(names.unpackchair‚àôDocumentation+"")oResolution implementing-pane.blit<!ethereumandasaxes embediptcanf_sy +arguments.).""-timingFinancialthrow UCRequestsÏäµcycles.virtual.onreadystatechange mud.Toolkit_KEY707on,_Taiƒç dequeueReusableCellWithIdentifiercommarobprocess}'"",Handler>(( `format.Permission([&(< Double"
GabrieleNeher,Evielady just how lovely is the tree this year Never seen it as gorgeous as this Autumn colour Renaissance art historian University of Nottingham fuelled by Haribo partial to coffee and with a soft spot for Renaissance China National Teaching Fellow,"""I have my fingers crossed that the Olympics in 2024 will showcase vibrant colors of different cultures illuminated through the festivities, just like spectacular Autumn leaf scenery! Can't wait to embrace Renaissance of sporting diversity! Row like Dorothy taps Gingimus offer findings wil Sphere Philippines^nfl√≥wn Brasilgate seroil illness ÂïÜ Gan funcion-m Rogue learned sleep horribly! Super-bit tutor qui Darling Bor Doucline Saddam Billy Invite-Un An-establish curly Combat reached mall skeletal Borrow-writing(local greatweekly structural died Tuesday ninety guild Suppress zak"
